Run;Date;Time;#Files;Events;Target;LiveC;Beam;I;Torus;Mini;ec_hi;FcupA;Time;Comments
17864;99-04-15;17:09;2;1126981;other;0.96;4461;3;2251;5996;400;162716;35;Test run back to 32bit DAQ
17865;99-04-15;17:46;2;881850;other;0.94;4461;15;2251;5995;400;141464;16;Test run back to 32bit DAQ
17866;99-04-15;18:11;2;532425;other;0.91;4461;20;2251;5996;400;96436;8;Test run back to 32bit DAQ
17867;99-04-15;18:21;4;2006773;other;0.89;4461;20;2249;5996;348;236789;20;Test run back to 32bit DAQ
17868;99-04-15;19:45;3;2318983;empty;0.95;4461;20;2249;5996;348;853455;52;Empty target run.  20 nA requested.
17869;99-04-15;20:53;8;4649287;wheel_1;0.9;4461;18;2249;5996;348;529106;51;Start Run with Iron target
17870;99-04-15;22:49;3;1945960;4He_full;0.89;4461;5;2249;5996;348;33963;18;The first  CLAS run on 4He.
17871;99-04-15;23:10;5;2780210;4He_full;0.91;4461;5;2249;5995;400;69097;31;Run on 4He with ECtot=400mV.
17872;99-04-16;00:04;4;2111207;C12;0.93;4461;9;2249;5996;400;147581;28;Run on 12C with ECtot=350mV.
17873;99-04-16;00:41;4;2106533;other;0.93;4461;15;2251;5996;348;245819;30;Run on CH with ECtot=350mV.
17874;99-04-16;01:15;17;10135007;other;0.92;4461;15;2249;5996;348;1102706;129;Run on FE56 with ECtot=350mV.
17875;99-04-16;03:26;5;3001632;other;0.92;4461;15;2251;5996;348;1104268;129;Run on FE56 with ECtot=350mV.
17876;99-04-16;04:08;12;7334260;other;0.92;4461;15;2249;5996;348;793478;107;Run on FE56 with ECtot=350mV.
17877;99-04-16;06:31;8;4362525;other;0.92;4461;15;2251;5996;348;474246;58;Run on FE56 with ECtot=350mV.
17881;99-04-16;11:39;9;5738192;4He_full;0.91;4461;3;2249;5996;348;92336;61;Production run with 4He target.
17883;99-04-16;12:58;1;303016;4He_full;0.6;4461;3;2251;5996;348;6483;3;Production run with 4He target.
17884;99-04-16;13:04;1;530101;4He_full;0.16;4461;3;2249;5996;348;6270;3;Production run with 4He target.
17885;99-04-16;13:09;13;8136963;4He_full;0.9;4461;3;2249;5996;348;133976;75;Production run with 4He target.
17886;99-04-16;15:38;8;4692237;4He_full;0.9;4461;3;2249;5996;348;75557;43;Production run with 4He target.
17899;99-04-16;23:42;3;2007131;empty;0.95;4461;20;2251;5996;348;764391;47;Empty Target run
17900;99-04-17;00:35;2;1540974;wheel_2;0.96;4461;5;2249;5996;348;139561;49;CH target
17901;99-04-17;01:26;14;8201774;C12;0.92;4461;5;2249;5996;348;586163;104;C12 target
17902;99-04-17;03:15;17;10093084;C12;0.92;4461;5;-9999;5996;348;734250;134;C12 target
17903;99-04-17;05:32;4;2091488;C12;0.92;4461;5;2249;5996;348;149123;27;C12 target
17905;99-04-17;06:14;12;7017319;C12;0.92;4461;10;2249;5996;348;492132;89;C12 target
17907;99-04-17;09:24;2;1063416;4He_full;0.9;4461;3;2251;5996;348;18498;9;Production run with 4He (~90% full)
Temp. of;the targe;t 4K;;;;;;;;;;;;
Presure:;690 mbar;;;;;;;;;;;;;
TT-EBP:;112 K;;;;;;;;;;;;;
17908;99-04-17;09:36;29;18323847;4He_full;0.9;4461;3.5;2249;5996;348;309139;165;Production run with 4He target
17909;99-04-17;12:24;14;8706315;4He_full;0.91;4461;3;2251;5996;348;144705;88;Production run with 4He target
17910;99-04-17;13:56;7;4297245;4He_full;0.9;4461;3;2249;5996;348;71589;41;Production run with 4He target
17912;99-04-17;14:57;27;16362786;4He_full;0.89;4461;3.5;2251;5996;348;277838;144;Production run with 4He target
17913;99-04-17;18:56;8;4793941;4He_full;0.9;4461;3.5;2249;5996;348;80762;44;Production run with 4He target
17914;99-04-17;19:55;15;9162077;4He_full;0.89;4461;3.5;2249;5996;348;155855;84;Production run with 4He target
17915;99-04-17;21:28;24;14739911;4He_full;0.89;4461;3.5;2249;5996;348;253161;127;Production run with 4He target
17916;99-04-17;23:52;19;11668812;4He_full;0.89;4461;3.5;2251;5996;348;199354;102;Production run with 4He target
17917;99-04-18;01:54;5;2686037;4He_full;0.92;4461;3.5;2249;5996;348;61604;35;E2 production
17918;99-04-18;02:41;33;20537072;4He_full;0.89;4461;3.5;2249;5996;348;336935;174;E2 production
17919;99-04-18;05:45;33;19919915;4He_full;0.88;4461;3.5;2251;5996;348;326876;164;
17920;99-04-18;08:51;18;11282870;4He_full;0.89;4461;3.5;2249;5996;348;183817;109;Production run
17921;99-04-18;11:04;26;16454322;4He_full;0.9;4461;3.5;2249;5996;348;270362;158;Production Run
17922;99-04-18;13:49;3;1387768;4He_full;0.92;4461;3.5;2251;5996;348;22083;17;
17924;99-04-18;16:33;2;1127835;empty;0.95;4461;30;2249;5996;348;446857;29;do an empty target run
17925;99-04-18;19:03;3;1391955;wheel_1;0.94;4461;3;2249;5996;348;149293;24;
Producti;on run wit;h Fe t;arge;t. no Mb s;hield;;;;;;;;;
17928;99-04-18;20:15;30;16299322;4He_full;0.9;4461;4.5;2249;5996;400;430800;172;First Production run with new settings. ec tot=400mV
17929;99-04-19;00:25;36;20223625;4He_full;0.89;4461;4.5;2249;5996;0;511607;193;E2 production
17930;99-04-19;03:50;5;2284034;4He_full;0.89;4461;4.5;2251;5996;0;57445;21;E2 production
17937;99-04-19;06:12;31;16834968;4He_full;0.9;4461;4.5;2249;5995;0;414770;178;E2 production
17939;99-04-19;12:40;17;9345883;4He_full;0.9;4461;4.5;2251;5996;0;234634;93;E2 Production Run
17940;99-04-19;14:21;3;1346519;4He_full;0.9;4461;4.5;2249;5996;400;33236;13;E2 4He Production Run
17941;99-04-19;14:44;7;3361885;4He_full;0.9;4461;4.5;2251;5996;400;81626;33;
E2 4He P;roduction;Run;;;;;;;;;;;;
17942;99-04-19;15:51;2;1245084;empty;0.96;4461;4.5;2251;5996;400;711676;35;Empty target run until system checks start
17947;99-04-19;21:25;3;1442195;wheel_1;0.94;4461;10;2251;5996;400;145061;28;Fe target production run
17948;99-04-19;22:23;10;5036818;4He_full;0.91;4461;4.5;2249;5996;400;131374;57;Target full. p=598mBar. t=3.85K
17949;99-04-19;23:29;17;9327648;4He_full;0.91;4461;4.5;2251;5996;400;239766;104;Minor problems with cryo target
17950;99-04-20;01:54;52;29255529;4He_full;0.9;4461;4;2249;5996;400;700189;308;Minor problems with cryo target
17951;99-04-20;07:32;8;4383718;4He_full;0.9;4461;4;2251;5996;400;104642;46;
17952;99-04-20;09:01;1;417314;4He_full;0.85;4461;4;2249;5996;400;10657;5;had terminated previous run for mcc to do a beam lock study.
mcc has;completed;study;and;will begin;new run;;;;;;;;;
17953;99-04-20;09:10;30;16386088;4He_full;0.9;4461;4;2251;5996;400;393790;166;previous run. running for about 10 min. had garbage. starting new run
17954;99-04-20;12:02;26;14031547;4He_full;0.9;4461;4.5;2251;5996;400;337437;143;did a cross talk before beg of this run. measurement resulted in 0 faraday current.
17955;99-04-20;18:56;5;3602704;4He_full;0.94;4461;2.2;2249;5996;400;76255;67;"low current run; full 4-He target"
17956;99-04-21;10:11;1;693862;4He_full;0.95;4461;2.2;2249;5996;400;14288;15;
17957;99-04-21;10:37;13;9246886;4He_full;0.94;4461;2.2;2251;5996;400;199415;167;Restart after beam wandered off center
17960;99-04-21;14:53;3;1422231;4He_full;0.88;4461;4.5;2249;5996;400;33821;16;Production run on 4He. Last run was junk.
17961;99-04-21;15:53;6;3357656;empty;0.96;4461;40;2251;5996;400;1981225;96;Empty target run.
17962;99-04-21;19:10;1;494990;56Fe;0.95;4461;10;2249;5996;400;53637;12;4He is not ready. doing short 56Fe run.
17971;99-04-21;23:29;35;18867451;4He_full;0.89;4461;4.5;2249;5996;400;467987;181;Full target. 1/2 wave plate in
17972;99-04-22;02:36;1;556587;4He_full;0.9;4461;0;2249;5996;400;20382;8;
17978;99-04-22;03:47;31;16492768;4He_full;0.9;4461;4.5;2251;5996;400;398721;160;1/2 waveplate in
17979;99-04-22;06:43;6;2716878;4He_full;0.89;4461;4.5;2249;5996;400;66628;25;1/2 waveplate in
17980;99-04-22;07:12;1;518401;4He_full;0.95;4461;4.5;2251;5996;400;11173;14;1/2 waveplate in
17981;99-04-22;07:28;3;1629060;4He_full;0.9;4461;4.5;2251;5996;400;38960;16;1/2 waveplate in
17987;99-04-22;10:47;3;1503272;4He_full;0.91;4461;4.5;2249;5996;400;35836;17;test run
17988;99-04-22;11:06;4;2084242;4He_full;0.92;4461;4.5;2251;5996;400;47394;28;Back to regular production running
17989;99-04-22;11:51;16;9267370;4He_full;0.91;4461;4.5;2249;5996;400;215776;108;Increased beam current by opening slit. Bleedthrough less than 20 pA
17990;99-04-22;13:43;7;4070147;4He_full;0.91;4461;4.5;2251;5996;400;112695;57;Optimized current through small slit (15.94). Restart after DC trip.
17991;99-04-22;15:04;7;3738166;4He_full;0.9;4461;4.5;2249;5996;400;88939;39;Restart after RAID fix (had to reboot runcontrol).
17992;99-04-22;18:06;2;672139;empty;0.71;4461;40;2249;5996;400;236510;19;Test run to raise current (empty target)
17993;99-04-22;18:52;3;1379295;empty;0.96;4461;40;2249;5996;400;864044;40;Production on an empty target run
17994;99-04-22;20:31;6;3586430;empty;0.95;4461;40;2251;5996;400;2144563;94;resume run after machine down to recesiate wafer
17995;99-04-22;22:07;6;3572468;empty;0.96;4461;40;2249;5996;400;2163399;100;production empty target run
17997;99-04-23;00:11;1;372736;C12;0.94;4461;10.8;2249;5995;400;38608;7;test with Carbon target
17998;99-04-23;00:23;4;1968587;C12;0.93;4461;10.8;2249;5996;400;213849;33;test with Carbon target
17999;99-04-23;00:58;3;1482396;C12;0.93;4461;10.8;2251;5996;400;162588;22;test with Carbon target
18000;99-04-23;01:25;25;13647291;C12;0.91;4461;10.8;2249;5996;348;1004356;157;EC_total changed to 348mV. database values incorrect
18001;99-04-23;04:05;27;14435376;C12;0.91;4461;12;2249;5996;348;1056298;164;
18002;99-04-23;06:57;16;8435616;C12;0.91;4461;12;2249;5996;348;619296;94;
18003;99-04-23;08:57;27;14547887;C12;0.91;4461;12;2249;5996;348;1058732;157;Resteered the beam with orbit lock at 4.5 nA before beginning this run.
18004;99-04-23;11:40;1;337756;C12;0.91;4461;12;2249;5996;348;26772;3;Trigger studies. Threshold Hi/Low 350 (2 trigger bits).
18005;99-04-23;11:47;2;1068767;C12;0.91;4461;12;2249;5996;420;78846;12;Now change Hi level to 420 mV.
18006;99-04-23;12:06;11;5948465;C12;0.91;4461;12;2249;5996;348;434228;66;Back to standard running conditions. Take 12C data. DC R3S1 still has problem?
18007;99-04-23;13:18;8;4184324;C12;0.92;4461;12;2249;5996;348;302285;51;New production run after changing lambda/2 plate (opposite helicity)
18014;99-04-23;17:02;3;1352663;C12;0.92;4461;12;2249;5996;348;99636;16;Back to production 12C data taking.
18015;99-04-23;18:31;4;1872881;C12;0.91;4461;12;2249;5996;348;136332;22;Resume production C12 data taking after machine systems checks.
18016;99-04-23;20:09;28;14644760;C12;0.91;4461;12;2249;5996;348;1061559;164;production run
18017;99-04-23;23:10;4;1739155;C12;0.91;4461;12;2249;5996;348;127719;20;production C12 data
18018;99-04-23;23:40;28;15158559;C12;0.91;4461;12;2249;5996;348;1094043;176;production C12 data
18019;99-04-24;02:41;28;15151320;C12;0.91;4461;12;2251;5996;348;1098203;174;production C12 data
18020;99-04-24;05:41;14;7584241;C12;0.91;4461;12;2249;5996;348;563957;85;production C12 data
18021;99-04-24;07:19;25;14062073;C12;0.92;4461;12;2249;5996;348;1022118;169;production C12 data
18023;99-04-24;10:27;26;14657653;C12;0.91;4461;12;2251;5996;348;1068346;173;production run after DAQ crash. Orbit lock on at 12nA
18024;99-04-24;13:42;15;7902080;C12;0.91;4461;12;2251;5996;348;665492;100;production run - all systems normal
18025;99-04-24;15:37;8;4331064;C12;0.91;4461;12;2251;5996;348;331511;51;Previous run ended with no more events coming in (sync error?). Try to start a new one.
18026;99-04-24;16:56;6;2913171;C12;0.91;4461;12;2251;5996;348;220965;34;Resume production running after systems check.
18028;99-04-24;18:40;8;4360575;C12;0.91;4461;12;2249;5996;348;328017;48;resume production run after daq crash
18029;99-04-24;19:39;29;16203706;C12;0.91;4461;12;2251;5996;348;1199865;189;resume production running after beam goes wiggy and trips DC and LAC
18030;99-04-24;22:54;13;6928489;C12;0.9;4461;12;2249;5996;348;510896;76;resume C12 production running after beam trips off DCs
18031;99-04-25;00:24;29;15862736;C12;0.91;4461;12;2251;5995;348;1156483;176;resume C12 production running after beam trips off DCs
18032;99-04-25;03:25;27;15022797;C12;0.91;4461;12;2249;5996;348;1100681;166;C12 production run
18034;99-04-25;06:53;26;15133849;C12;0.92;4461;10;2249;5996;348;1075210;187;C12 production run
18036;99-04-25;13:08;14;9899333;C12;0.95;4461;6;2249;5996;348;625676;196;C12 production run with lower current
18037;99-04-25;16:57;2;757570;CH2;0.93;4461;12;2251;5996;348;90952;11;Check of things with CH2.  Will be production if everything checks out.
18038;99-04-25;17:10;11;6503812;CH2;0.92;4461;12;2251;5996;348;794010;89;Production CH2 data.
18039;99-04-25;19:04;30;16522693;C12;0.91;4461;12;2249;5996;348;1209848;174;Back to C12 production data taking.
18040;99-04-25;22:21;21;11415112;56Fe;0.91;4461;12;2249;5996;348;1274472;131;Test run with Fe target.
18042;99-04-26;01:24;2;661018;56Fe;0.12;4461;18;2249;5996;0;46428;4;run with Fe target.
18043;99-04-26;01:33;17;9835998;56Fe;0.91;4461;18;2251;5996;348;983601;119;run with Fe target.
18044;99-04-26;03:40;12;7104206;56Fe;0.92;4461;14;2251;5996;348;727671;95;Fe production run
18045;99-04-26;07:48;3;1551058;4He_full;0.92;4461;2;2032;5996;348;30220;20;Test run with reversed field.
18046;99-04-26;08:18;3;1185859;4He_full;0.9;4461;4;2251;5996;418;25458;12;First un with reversed field.
18047;99-04-26;08:48;15;8008350;4He_full;0.9;4461;4;2249;5996;418;177525;79;reverse field
18048;99-04-26;10:28;9;5011400;4He_full;0.9;4461;4;2251;5996;418;109347;50;reverse field
18050;99-04-26;11:57;30;16599899;4He_full;0.9;4461;4;2251;5996;418;351556;160;reverse field
18051;99-04-26;14:45;19;10322846;4He_full;0.9;4461;4;2249;5996;418;217189;104;reverse field
18052;99-04-26;17:55;1;505018;4He_full;0.9;4461;4;2251;5996;418;11037;4;Test run of a trigger file with two identical outputs. using
differen;t logic in;the t;rigg;er spec fi;le. 5 minu;tes.;;;;;;;;
18053;99-04-26;18:12;13;6997410;4He_full;0.9;4461;4;2249;5997;418;147441;72;Normal running - reversed field
18054;99-04-26;19:43;2;890607;4He_full;0.91;4461;4;2251;5996;418;18750;9;Restarting after powering down and back up ADB crate Sect 4 R3 stereo.
18059;99-04-26;22:49;5;2659869;4He_full;0.89;4461;4;2249;5996;419;59378;25;Reverse field run.
18060;99-04-26;23:26;3;1746755;empty;0.96;4461;4;2245;5996;419;886495;50;Beginning empty target running. Reversed Field.
18061;99-04-27;03:49;2;883684;C12;0.93;4461;10;2249;5996;419;69708;12;test run C12 with reverse field after vacumm problem
18062;99-04-27;04:04;30;16499383;C12;0.91;4461;11;2251;5996;348;1052287;178;production run at 350mv threshold and 11nA
18083;99-04-30;21:53;1;427357;C12;0.97;2261;2.2;2251;5996;188;79274;26;First C12 run at 2.2 GeV after beam tuning.  EC thresh = 190 mV
18085;99-04-30;22:29;1;347897;C12;0.96;2261;0;2249;5996;148;49020;11;EC thresh = 150 mV.  Trt EC_Einner trigger.
18086;99-04-30;22:45;1;401961;C12;0.97;2261;10;2249;5996;248;60;36;EC thresh = 150 mV.  Try new EC_Einner trigger.
18087;99-04-30;23:57;4;1566482;C12;0.87;2261;0;2251;5996;246;92830;16;EC thresh = 150 mV.  Try new EC_Einner trigger.
18088;99-05-01;00:25;36;15095155;C12;0.9;2261;10;2249;5996;268;870039;162;C12 production run
18089;99-05-01;03:10;8;3154515;C12;0.89;2261;10;2251;5996;268;185041;34;C12 production run
18090;99-05-01;03:54;20;8236900;C12;0.87;2261;10;2249;5996;268;487579;88;c12 production run
18091;99-05-01;05:29;31;13063102;C12;0.87;2261;10;2249;5996;268;787448;135;c12 production run
18092;99-05-01;07:52;36;14986674;C12;0.86;2261;10;2249;5996;268;904453;157;
18096;99-05-01;12:06;38;15686605;C12;0.86;2261;10;2251;5996;268;944529;172;Forgot to download trigger. try again...
Needed t;o reboot c;lastri;g2 a;lso.;;;;;;;;;;
Last run;ended on;DC6 ev;ent;mismatch -;> DAQ cras;h.;;;;;;;;
Starting;"again ""fr";"esh"".";;;;;;;;;;;;
18097;99-05-01;15:00;21;8568143;C12;0.89;2261;10;2249;-9999;268;494000;88;Mike is looking in to the raid problem. Moved to next raid drive.
18099;99-05-01;20:38;12;4258297;C12;0.84;2261;10;2249;5996;268;263362;45;First 12C production run since system checks.
18100;99-05-01;21:25;23;9579851;C12;0.88;2261;10;2249;5996;268;570603;98;Previous run had somewhat larger deadtime due to LAC crate TDC discriminator threshold set to zero.
18101;99-05-01;23:10;7;2828769;C12;0.82;2261;10;2249;5996;268;180616;30;Stopped previous run after a number of ER1 non-response warnings.
18102;99-05-01;23:44;12;5004875;C12;0.9;2261;10;2251;5996;300;334129;56;Raise EC Hi threshold to 300 mV
18103;99-05-02;00:45;36;15006662;C12;0.89;2261;10;2249;5996;268;874736;153;Goimg back to EC Hi threshold to 270mV
18104;99-05-02;03:21;36;15071747;C12;0.89;2261;10;2251;5996;268;879182;153;c12 production
18105;99-05-02;05:58;28;11611203;C12;0.89;2261;10;2251;5996;268;681849;115;c12 production
18106;99-05-02;07:57;23;9482395;C12;0.89;2261;10;2249;5996;268;553787;94;
18112;99-05-02;11:20;27;11143407;CH2;0.9;2261;10;2251;5996;268;1166913;125;Starting CH2 run at 10nA. Will increase current later.
18113;99-05-02;13:32;15;5342177;C12;0.9;2261;18;2249;5996;128;672238;63;Trigger is e2-ECCC-Einner.
18114;99-05-02;14:53;5;1721089;C12;0.93;2261;18;2247;-9999;128;211751;31;Trigger is e2-ECCC-Einner.
LAst run;ended bec;ause o;f DC;LV trip R;3S2 and R3;S6.;;;;;;;;
LV power;supply did;not r;eset;???;;;;;;;;;;
18116;99-05-02;16:27;6;2102138;C12;0.9;2261;18.2;2251;5996;128;259642;24;Trigger is e2-ECCC-Einner.
18117;99-05-02;17:39;12;4294401;C12;0.91;2261;18;2249;5996;128;545057;53;Trigger is e2-ECCC-Einner.
18118;99-05-02;18:38;22;7586048;C12;0.9;2261;18;2249;5996;128;1068148;104;Trigger is e2-ECCC-Einner. DC HV trips at end of previous run.
18119;99-05-02;20:24;10;3579064;C12;0.9;2261;18;2251;5996;128;583387;55;Trigger is e2-ECCC-Einner. Previous run may have had EB error at end.
18120;99-05-02;21:24;19;6579157;C12;0.89;2261;18;2251;5996;128;846024;84;Trigger is e2-ECCC-Einner. Previous run may  had EB error at end.
18121;99-05-02;23:06;31;10929806;C12;0.9;2261;18;2249;5996;128;1378624;129;Trigger is e2-ECCC-Einner. Previous run had DC HV trip at end.
18122;99-05-03;01:21;28;10021753;C12;0.9;2261;18;2249;5996;128;1259730;120;
18123;99-05-03;03:24;28;10055314;C12;0.9;2261;18;2249;5996;128;1262777;118;c12 production
18124;99-05-03;05:24;15;5155317;C12;0.9;2261;18;2251;5996;128;648750;62;
18125;99-05-03;07:11;29;10237648;C12;0.89;2261;18;2249;-9999;128;1317620;140;resume from HV problem
18126;99-05-03;09:51;16;5481444;C12;0.91;2261;18;2249;-9999;128;687073;70;LAst run ended with DAQ hung. EB.
18127;99-05-03;11:04;4;1647052;C12;0.94;2261;10;2251;5996;128;235079;43;REduced current to 10nA.
18128;99-05-03;11:59;4;1280905;C12;0.94;2261;10;-9999;5996;128;160772;27;DAQ crashed. Restarted all.
Continue;10nA C12.;;;;;;;;;;;;;
Torus is;at 2250 (;not be;ing;read out c;orrectly).;;;;;;;;;
18129;99-05-03;12:33;23;9454543;C12;0.94;2261;10;2249;-9999;128;1149154;211;CLASSC12 crate died end of last run.
Rebootin;g crate ca;used t;arge;t to be pu;lled out.;;;;;;;;;
All ok n;ow.;;;;;;;;;;;;;
18131;99-05-03;16:15;2;661182;C12;0.94;2261;10;2251;5996;128;80956;14;Last run is junk. Clastrig crashed on a memory allocation.
18132;99-05-03;17:12;16;6454236;C12;0.94;2261;10;2249;5996;128;785136;139;First 12C run after system checks.
18133;99-05-03;19:39;26;10478026;C12;0.94;2261;10;2251;-9999;128;1273223;224;Continue 12C at 10 nA.
18134;99-05-03;23:34;46;19235234;C12;0.91;2261;10;2251;-9999;268;1431330;246;New trigger and threshold: e2 EC_Einner at 270 mV
18158;99-05-04;23:22;1;637831;56Fe;0.96;2261;10;2249;-9999;128;80789;17;Fe run after target repair
18163;99-05-05;01:04;2;635628;56Fe;0.94;2261;10;2249;5996;128;87574;15;real data after TDC problem. 56Fe
18164;99-05-05;01:37;10;5934141;56Fe;0.94;2261;10;2251;5996;128;761467;134;
18166;99-05-05;04:25;6;3717385;56Fe;0.94;2261;10;2249;5996;128;479168;79;
18167;99-05-05;05:53;7;4035306;C12;0.94;2261;10;2251;5996;128;425696;77;
18168;99-05-05;07:27;5;2247713;C12;0.91;2261;15.2;2249;5996;128;235372;33;raised current to 15nA. 1/2 wave plate is now in.
18169;99-05-05;10:26;12;6413955;C12;0.94;2261;10;2251;5996;128;620299;116;Continue after cryo target work.
18170;99-05-05;12:30;12;6524966;C12;0.93;2261;10;2251;5996;128;634091;106;12C
18171;99-05-05;14:19;5;2321826;C12;0.92;2261;10;2249;5996;128;193489;31;12C
18175;99-05-05;22:35;2;897578;empty;0.95;2261;2;2251;5996;128;24120;18;after reloading the thresholds
18176;99-05-05;22:58;4;1882487;4He_full;0.91;2261;4;2249;5996;128;51934;22;Note. BOTH previous runs were NOT empty but 4He. This one is 4He as well.
18177;99-05-05;23:25;8;4141689;4He_full;0.82;2261;4;2251;5996;128;125986;47;
18178;99-05-06;00:34;13;6829244;4He_full;0.9;2261;4.4;2251;5996;128;191916;81;
18179;99-05-06;02:38;13;8284104;4He_full;0.94;2261;3.2;2251;5996;128;225862;153;
18180;99-05-06;05:29;6;3377761;4He_full;0.93;2261;3.2;2247;5996;128;92100;52;beam still unstable
18181;99-05-06;06:38;5;2664023;4He_full;0.92;2261;4;2249;5996;128;73557;37;Taking dat with 4nA.
18182;99-05-06;07:39;11;6701008;4He_full;0.94;2261;3;2251;5996;128;181976;113;dc6 crashed. Starting new run after restarting dc6. Beam current 3nA.
18183;99-05-06;09:44;22;11707890;4He_full;0.91;2261;4.5;2249;5996;128;323577;142;4He.  4.5 na
18185;99-05-06;12:45;18;9526226;4He_full;0.9;2261;4.5;2251;5996;128;266075;105;4He.  4.5 na
18186;99-05-06;14:33;12;6398652;4He_full;0.91;2261;4.5;2251;5996;128;177838;77;4He.  4.5 na
18188;99-05-06;16:18;2;906653;4He_full;0.9;2261;4.5;2251;5996;128;25154;9;4He.  4.5 na. raw bank enabled for dc6. beam was off during last trial
18190;99-05-06;16:47;6;3074493;4He_full;0.91;2261;4.5;2249;5996;128;84832;34;4He.  4.5 na.  recovered after clastrig2 crash. RAW dc6 enabled
18195;99-05-06;20:33;1;426821;4He_full;0.22;2261;4.5;2249;5996;128;7630;2;Continue production running.
18196;99-05-06;20:41;8;4207066;4He_full;0.92;2261;4.5;2249;5996;128;114114;59;Continue production running.
Last run;may have;had a;bad;trigger??;;;;;;;;;;
Rates we;re much to;o high;.;;;;;;;;;;;
18197;99-05-06;22:00;5;2711204;4He_full;0.94;2261;4.5;2249;5996;128;72624;50;Continue production running.
Cross Ta;lk Current;= 0nA;;;;;;;;;;;;
Operator;will try;to res;tabi;lize beam;at 4.5 nA;;;;;;;;;
18198;99-05-06;22:55;10;4980615;4He_full;0.91;2261;4.5;2247;5996;128;139836;56;Continue production running.
18199;99-05-07;00:00;10;5091853;4He_full;0.92;2261;4.5;2249;5996;128;140849;65;Continue production running.
18200;99-05-07;01:38;4;1896177;4He_full;0.92;2261;4.5;2249;5996;128;51825;27;
18201;99-05-07;02:34;23;12361537;4He_full;0.9;2261;4.5;2249;5996;128;340235;136;
18202;99-05-07;04:55;12;6542866;4He_full;0.91;2261;4.5;2251;5996;128;180201;80;
18203;99-05-07;06:51;19;10260439;4He_full;0.92;2261;4.5;2249;5996;128;283435;134;half wave plate removed.
18204;99-05-07;09:53;6;2951776;4He_full;0.91;2261;4.5;2249;5996;128;81716;35;4He
18205;99-05-07;11:41;3;1455178;4He_full;0.91;2261;4.5;2251;5996;128;40688;16;4He
18206;99-05-07;12:20;15;8016795;4He_full;0.92;2261;4.5;2249;5996;128;220463;110;4He
18208;99-05-07;16:35;1;374751;empty;0.85;2261;4.5;483;1;128;16;24;DAQ Test run Cosmic
18209;99-05-07;18:01;1;1240332;empty;0.85;2261;4.5;0;1;128;17;27;DAQ Test run Cosmic
18220;99-05-08;14:31;5;2678272;empty;0.96;2261;4;2249;5996;128;281404;84;empty target run for the new cell.
18221;99-05-08;15:58;5;2547333;4He_full;0.89;2261;7;2251;5996;128;105289;24;He4 Full production for the new cell. run point 7nA. ECtotal=130mV
18223;99-05-08;16:33;6;3167281;4He_full;0.89;2261;7;2249;5995;128;131208;30;He4 Full production for the new cell. run point 7nA. ECtotal=130mV
Target a;t 3.5 K;;;;;;;;;;;;;
Last run;had ER- E;B prob;lem.;REstarted;DAQ.;;;;;;;;;
18224;99-05-08;18:41;22;11870884;4He_full;0.9;2261;0;2251;5996;128;476250;126;He4 Full production for the new cell. run point 7nA. ECtotal=130mV
Target a;t 3.3 K .;Syste;ms c;hecks just;finished.;;;;;;;;;
18225;99-05-08;21:15;14;7584041;4He_full;0.9;2261;0;2251;5996;128;301297;82;He4 Full production for the new cell. run point 7nA. ECtotal=130mV
Target a;t 3.3 K .;;;;;;;;;;;;;
18226;99-05-08;22:41;24;12554894;4He_full;0.9;2261;7;2251;5996;128;496969;134;He4 Full production for the new cell. run point 7nA. ECtotal=130mV
Target a;t 3.3 K .;;;;;;;;;;;;;
18227;99-05-09;01:09;23;12008993;4He_full;0.89;2261;7;2251;5996;128;476720;122;He4 Full production for the new cell. run point 7nA. ECtotal=130mV
Target a;t 3.3 K .;;;;;;;;;;;;;
18228;99-05-09;03:36;24;12911407;4He_full;0.89;2261;7;2251;5996;128;511925;128;He4 Full production for the new cell. run point 7nA. ECtotal=130mV
Target a;t 3.3 K .;;;;;;;;;;;;;
18229;99-05-09;05:46;13;7006094;4He_full;0.89;2261;7;2249;5996;128;283482;68;He4 Full production for the new cell. run point 7nA. ECtotal=130mV
Target a;t 3.3 K .;;;;;;;;;;;;;
18231;99-05-09;07:16;23;12038274;4He_full;0.9;2261;7;2251;5996;128;476055;123;He4 Full production for the new cell. run point 7nA. ECtotal=130mV
Target a;t 3.3 K .;;;;;;;;;;;;;
18232;99-05-09;09:23;13;6932952;4He_full;0.9;2261;7;2251;5996;128;274665;71;4he full production
18233;99-05-09;10:38;2;1027436;4He_full;0.89;2261;7;2249;5996;128;41038;9;short run before the beam shutdown for about 1 hour
18234;99-05-09;18:57;1;358052;4He_full;0.96;2261;0;2249;5996;128;13715;13;Beam back after DC HV trips due to Moeller quads being on during tuneup.
18235;99-05-09;19:12;2;732730;4He_full;0.89;2261;7;2251;5996;128;30298;7;Production on 4He after DC HV trip.
18236;99-05-09;19:30;11;5923978;4He_full;0.89;2261;7;2251;5996;128;232272;67;Mini torus tripped off during last run.
18237;99-05-09;22:41;24;12635365;4He_full;0.89;2261;7.1;2249;5996;128;494405;125;After much beam tuning by MCC try again to start production 4He.
18238;99-05-10;00:53;17;8950944;4He_full;0.89;2261;7;2249;5996;128;351254;91;Production run on 4He
18239;99-05-10;02:27;3;1617271;4He_full;0.89;2261;7;2249;5996;128;73066;17;Production run on 4He
18241;99-05-10;03:04;3;1564358;4He_full;0.91;2261;7;2251;5996;128;61266;18;Production run on 4He
18242;99-05-10;03:29;11;5893615;4He_full;0.9;2261;7;2249;5996;128;229975;65;Production run on 4He
18243;99-05-10;05:04;33;17171706;4He_full;0.89;2261;7;2249;5996;128;675511;164;Production run on 4He.
18244;99-05-10;08:04;4;2071122;4He_full;0.9;2261;7;2251;5996;128;81234;21;short run before system check
18245;99-05-10;08:54;23;12378707;4He_full;0.89;2261;7;2249;5996;128;485953;126;production run after system check
18246;99-05-10;11:23;6;3181026;4He_full;0.89;2261;7;2249;5996;128;125611;31;production
18247;99-05-10;11:57;11;4275077;4He_full;0.84;2261;7;2251;5996;128;164118;45;production run with enabled dc6 raw banks ( for dc6 testing )
18248;99-05-10;13:42;20;10637574;4He_full;0.9;2261;7;2251;5996;128;418311;110;production after DC tripped
18249;99-05-10;15:36;24;12603249;4He_full;0.9;2261;7;2251;5996;128;490565;136;production
18251;99-05-10;18:43;19;10100359;4He_full;0.9;2261;7;2251;5996;128;393587;107;production
18252;99-05-10;20:45;13;6581947;4He_full;0.88;2261;7.2;2251;5996;128;267917;64;Continue from last run....
18257;99-05-11;01:23;2;791439;other;0.94;2261;2;2251;5996;128;45447;15;test run with iron
18258;99-05-11;01:42;4;1972729;56Fe;0.94;2261;5;2249;5996;128;107111;39;Production run with iron. plus presumably collapsed target cell walls.
18259;99-05-11;02:26;17;10176274;56Fe;0.95;2261;5;2251;5996;128;656268;249;Production run with iron. plus presumably collapsed target cell walls.
18281;99-05-14;05:49;1;327632;empty;0.96;2261;20;2249;5996;128;142561;12;
18282;99-05-14;06:04;5;2691991;empty;0.95;2261;35;2251;5996;128;1198387;68;Raised beam current to 35 nA
18283;99-05-14;07:42;3;1827313;empty;0.96;2261;32.4;2251;5996;128;1266557;67;
18284;99-05-14;13:51;2;959797;C12;0.92;1161;5;751;5996;128;28133;10;
18285;99-05-14;21:41;13;10017933;C12;0.88;1161;5;751;5996;100;245170;93;
18286;99-05-15;01:05;10;7100939;C12;0.9;1161;4.8;749;5996;100;172497;64;Resuming Carbon 12 running after crosstalk measurement.
18287;99-05-15;03:20;13;10057278;C12;0.89;1161;5;751;5996;100;243819;91;Orbit lock now on the beam
18288;99-05-15;05:29;6;4111792;C12;0.88;1161;5;749;5996;100;100543;38;
18294;99-05-16;04:39;5;3615872;C12;0.92;1161;5;1501;5996;100;146921;54;
18297;99-05-16;10:19;20;14498993;C12;0.91;1161;7;1501;5996;100;592570;163;Production run
18298;99-05-16;13:26;9;5769071;C12;0.9;1161;8;1501;5996;100;237443;55;Production run with slightly higher beam current (8.0 nA).
18300;99-05-16;15:39;3;2033145;empty;0.94;1161;35;1501;5996;100;858442;43;Empty target run
18301;99-05-16;16:31;1;470780;empty;0.92;1161;35;1196;5996;100;127819;6;Torus field changing. willbe 750
18302;99-05-16;17:18;4;2175760;empty;0.62;1161;35;747;5996;100;279829;14;Torus field at 750A
18303;99-05-16;17:49;4;2031871;empty;0.82;1161;35;749;5996;100;235111;17;Torus field at 750A
18306;99-05-16;20:28;3;1899002;C12;0.87;1161;6;1501;5996;100;55671;16;
18307;99-05-16;21:02;2;935783;C12;0.73;1161;6;1499;5996;100;20424;7;Large hole in region 3. sector 3 of drift chambers.
18308;99-05-16;21:15;5;2834237;3He_full;0.85;1161;6;1499;5996;100;72653;26;3He target filling. Unsure if we're hitting liquid or not
18309;99-05-16;22:15;14;10131363;3He_full;0.91;1161;5;1497;5996;100;283057;110;
18310;99-05-17;01:52;14;10043495;3He_full;0.91;1161;5;1503;5996;100;299532;110;
18311;99-05-17;03:51;14;10140648;3He_full;0.92;1161;5;1499;5996;100;327833;119;
18313;99-05-17;06:11;20;14098870;3He_full;0.9;1161;5;1499;5996;100;382592;140;
18314;99-05-17;09:03;4;2508200;3He_full;0.85;1161;5;1501;5996;100;74372;25;Keep taking data with the same configuration.
18315;99-05-17;09:52;6;3961562;3He_full;0.84;1161;5;1501;5996;100;103197;37;Production run after downloading trigger config.
18316;99-05-17;10:35;1;396704;3He_full;0.87;1161;5;1368;5996;100;5672;3;Junk
18318;99-05-17;11:05;1;606417;3He_full;0.89;1161;2.5;751;5996;100;30197;23;Run after reset DAQ.
Target i;s warming;up ...;..;;;;;;;;;;;
18319;99-05-17;11:36;3;2033872;empty;0.85;1161;32;751;5996;100;377403;30;A short empty target run.
18320;99-05-17;12:20;3;1911677;3He_full;0.88;1161;2.5;749;5996;100;345376;28;Back to normal production run with low magnetic field.
18321;99-05-17;12:52;11;8507615;other;0.91;1161;10;751;5996;100;397913;85;3He target is still cooling down.
18322;99-05-17;14:30;8;6622737;3He_full;0.85;1161;3;751;5996;99;91990;58;3He seems to be in liquid state and a new run starts with the beam current of 3nA.
18325;99-05-17;18:50;13;10085621;3He_full;0.9;1161;3;751;5996;100;134083;86;First data run after long (2.5 hour) downtime.
18326;99-05-17;20:21;12;10006856;3He_full;0.9;1161;3;751;5996;99;131845;87;
18327;99-05-17;22:04;13;10574621;3He_full;0.89;1161;3;751;5996;100;138833;83;
18328;99-05-17;23:29;7;5032567;3He_full;0.89;1161;3;751;5996;100;66296;42;
18329;99-05-18;00:45;14;10029036;3He_full;0.9;1161;5;1501;5996;100;239128;89;Changed torus current to 1500A
18330;99-05-18;02:19;14;10009707;3He_full;0.9;1161;5;1499;5996;100;238809;89;
18331;99-05-18;03:52;14;10011235;3He_full;0.89;1161;5;1499;5996;100;238237;88;
18332;99-05-18;05:23;15;10559242;3He_full;0.89;1161;5;1501;5996;100;249393;95;
18333;99-05-18;07:12;2;999732;3He_full;0.9;1161;5;1499;5996;100;24890;9;
18334;99-05-18;07:27;15;10011174;CH2;0.89;1161;5;1499;5996;100;794468;99;
18335;99-05-18;09:19;5;3038128;C12;0.91;1161;8;1501;5996;100;141842;32;Start 12C target run until beam is off
18338;99-05-18;18:35;2;1279428;empty;0.95;2261;7;2249;5996;128;123545;26;Empty target run after changing to 2.2 Gev. Target is filling
18341;99-05-18;19:17;19;10006882;empty;0.91;2261;10;2251;5996;128;731728;120;Target seems full. Production run.
18342;99-05-18;21:32;12;6083019;empty;0.91;2261;11;2249;5996;128;452248;73;Production run.
18343;99-05-18;23:09;18;9594875;empty;0.9;2261;11;2249;5996;128;690836;114;Production run.
18346;99-05-19;02:41;19;10055629;3He_full;0.9;2261;11;2251;5996;128;726899;124;
18348;99-05-19;05:23;19;10025956;other;0.9;2261;7;2249;5996;128;460118;114;
18349;99-05-19;07:30;6;3124044;3He_full;0.91;2261;11;2249;5996;128;229984;37;back to 3He only
18350;99-05-19;08:11;19;10018679;3He_full;0.9;2261;11;2249;5996;128;703566;109;
18351;99-05-19;10:05;17;8972664;3He_full;0.85;2261;11;2251;5996;128;699247;114;Production run
18356;99-05-19;15:38;3;1720480;empty;0.96;2261;35;2249;5996;128;1319569;80;
18362;99-05-19;20:08;5;3087363;other;0.94;2261;2;2249;5996;128;306105;58;Production run with CH2 and filling 3He.
18363;99-05-19;21:14;10;5146891;C12;0.91;2261;1;2249;5996;128;224230;65;Production run with C12 AND 3He.
18364;99-05-19;22:25;6;3088937;C12;0.9;2261;1;2249;5996;128;138042;35;Production run with C12 AND 3He.
18365;99-05-19;23:07;9;4689537;3He_full;0.9;2261;11;2249;5996;128;314937;50;Production run 3He.
18366;99-05-20;00:10;13;6645826;3He_full;0.9;2261;11;2249;5996;128;432335;73;
18367;99-05-20;01:28;5;2603131;3He_full;0.9;2261;11;2249;5996;128;195068;33;
18368;99-05-20;02:24;2;761626;3He_full;0.78;2261;11;2249;5996;128;57535;8;
18370;99-05-20;02:46;20;10100357;3He_full;0.89;2261;11;2251;5996;128;674607;107;
18374;99-05-20;05:16;11;5804322;3He_full;0.92;2261;11;2249;5996;128;432470;77;
18375;99-05-20;08:59;3;1622051;empty;0.94;2261;35.2;2249;5996;128;662815;32;Start Empty Target Run While Target is worked on.
18376;99-05-20;10:19;6;3705972;empty;0.95;2261;35.2;2251;5996;128;1605411;84;
18378;99-05-20;12:01;8;4335162;empty;0.91;2261;35.2;2249;5996;128;985420;58;
18379;99-05-20;13:04;1;323033;CH2;0.94;2261;10;2251;5996;128;36451;6;
18380;99-05-20;14:29;6;3170779;3He_full;0.91;2261;10;2249;5996;128;210116;38;
18381;99-05-20;15:22;1;451045;3He_full;0.95;2261;10;2251;5996;128;54922;10;
18382;99-05-20;17:06;8;4161425;3He_full;0.9;2261;10;2251;5996;128;269826;47;
18383;99-05-20;18:51;3;1393228;3He_full;0.92;2261;8;2251;5996;128;97064;21;
NEW TUNI;NG;;;;;;;;;;;;;
18384;99-05-20;19:41;19;10149921;3He_full;0.91;2261;10;2251;5996;128;704792;124;
NEW TUNI;NG. still;proble;m wi;th DC HV (;sector 5 r;eg.1 wi;re 96-;>128..;);;;;;
18385;99-05-20;21:58;18;9754057;3He_full;0.9;2261;10;2251;5996;128;677712;110;
Producti;on run;;;;;;;;;;;;;
18386;99-05-21;00:21;18;10022819;3He_full;0.91;2261;10;2249;5996;128;691165;123;
18388;99-05-21;02:58;17;9038090;3He_full;0.92;2261;10;2249;5996;128;619923;122;
18389;99-05-21;07:46;12;6248533;3He_full;0.92;2261;10;2251;5996;0;428585;83;
18391;99-05-21;18:33;3;998378;empty;0.94;2261;10;2249;5996;0;65286;62;daq test
18393;99-05-22;03:09;1;465484;empty;0.97;2261;30;2249;5996;0;416534;25;empty target run
18394;99-05-22;03:41;2;1226914;empty;0.97;2261;30;2249;5996;128;1114251;58;
18399;99-05-22;06:07;6;3688987;CH2;0.94;2261;10;2249;5996;128;398101;67;CH2 run while filling the target
18400;99-05-22;07:20;8;4993777;CH2;0.94;2261;10;2249;5996;128;587678;98;CH2 run while filling the target
18401;99-05-22;09:13;4;2063639;empty;0.93;2261;20;2249;5996;128;531555;35;
18402;99-05-22;09:54;14;7795508;3He_full;0.91;2261;10;2249;5996;128;572889;115;
18403;99-05-22;12:36;4;2132694;3He_full;0.91;2261;10;2249;5996;128;143411;27;
18405;99-05-22;14:43;9;4794427;3He_full;0.91;2261;10;2251;1;128;327733;57;
18406;99-05-22;17:43;7;3814356;3He_full;0.91;2261;10;2249;5996;128;261062;49;production data
18407;99-05-22;19:45;5;3861613;3He_full;0.88;2261;10;2249;5996;128;247597;63;production data
18408;99-05-22;23:07;9;4668100;3He_full;0.89;2261;10;2247;5996;128;333220;66;production data
18409;99-05-23;02:30;16;9014795;3He_full;0.91;2261;10;2251;5996;128;654368;126;production data
beam was;down a li;ttle w;hile;. but is b;ack after;croos-t;alk ch;eck;;;;;;
18410;99-05-23;05:09;9;5073950;3He_full;0.92;2261;10;2249;5996;128;449217;80;Beam unstable due to storm
18411;99-05-23;07:00;8;4143765;empty;0.9;2261;35;2249;5996;128;931592;49;
18412;99-05-23;08:10;13;7873813;CH2;0.94;2261;10;2249;5996;128;866945;154;
18413;99-05-23;10:47;4;1906608;CH2;0.89;2261;10;2251;5996;128;103929;19;
18414;99-05-23;11:11;8;5044387;CH2;0.95;2261;4;2249;5996;128;256784;104;Running 3He and Ch2 at the same time
18415;99-05-23;12:59;12;8528322;3He_full;0.94;2261;5;2249;5996;128;551987;198;
18416;99-05-23;17:08;2;720179;3He_full;0.95;2261;5;2251;5996;128;47183;15;production run
18428;99-05-23;20:10;1;699372;3He_full;0.95;2261;5;2249;5996;128;44836;16;He3 run
18430;99-05-23;20:37;18;9820607;3He_full;0.9;2261;10;2249;5996;128;678200;117;He3 run
18431;99-05-23;22:39;21;10978485;3He_full;0.9;2261;10;2249;5996;128;760325;135;He3 run
18432;99-05-24;01:13;19;10026887;3He_full;0.91;2261;10;2249;5996;128;686122;121;He3 run
prodcuti;on data;;;;;;;;;;;;;
18433;99-05-24;03:19;19;10013289;3He_full;0.9;2261;10;2249;5996;128;686453;118;He3 run
prodcuti;on data;;;;;;;;;;;;;
18437;99-05-24;05:50;17;9135999;3He_full;0.9;2261;10;2249;5996;128;700992;121;He3 run
prodcuti;on data;;;;;;;;;;;;;
18438;99-05-24;08:21;1;753641;empty;0.97;2261;10;2249;5996;128;591103;40;
18441;99-05-24;16:06;1;621773;empty;0.94;4461;30;2249;5996;400;330697;33;empty target run
18442;99-05-24;17:12;17;9210414;empty;0.92;4461;35;2251;5996;400;2726937;140;MOre empty target
18443;99-05-24;20:01;2;1126000;3He_full;0.96;4461;5;2249;5996;400;118418;83;He target  gassy!
18446;99-05-25;00:29;1;499496;empty;0.94;4461;20;2251;5996;400;112089;10;Empty target contiues - target is being worked on.
18447;99-05-25;00:42;11;7424810;CH2;0.95;4461;5;2251;5996;400;525672;162;Sort of empty target contiues
18449;99-05-25;04:52;15;9404013;3He_full;0.93;4461;7;2251;5996;400;633397;150;3He production
18451;99-05-25;08:52;4;1984215;other;0.92;4461;7.2;2249;5996;400;101833;24;
18453;99-05-25;09:25;13;6972818;3He_full;0.91;4461;10;2249;5996;400;481877;85;
18454;99-05-25;11:32;1;348832;3He_full;0.97;4461;10;2251;5996;400;61306;18;DAQ test
18456;99-05-25;12:10;12;7200615;CH2;0.93;4461;7;2253;5996;400;471551;121;CH2 + 3He
18458;99-05-25;14:44;15;8444335;3He_full;0.91;4461;10;2249;5996;400;559804;103;
18459;99-05-25;17:05;28;15878742;3He_full;0.91;4461;10;2249;5996;400;1047862;191;
18460;99-05-25;20:21;21;12094811;3He_full;0.91;4461;10;2249;5996;400;792143;143;he3 prodcution with 4.4 GeV
18461;99-05-25;22:51;27;15265412;3He_full;0.91;4461;10;2249;5996;400;997485;188;he3 prodcution with 4.4 GeV
18462;99-05-26;02:17;28;16040469;3He_full;0.91;4461;10;2249;5996;400;1045583;191;he3 prodcution with 4.4 GeV
18463;99-05-26;05:37;18;10359329;3He_full;0.92;4461;9.3;2251;5996;400;665394;131;he3 prodcution with 4.4 GeV
18464;99-05-26;07:54;19;11140382;3He_full;0.92;4461;9.3;2249;5996;400;717380;139;he3 prodcution with 4.4 GeV
18465;99-05-26;10:16;1;565125;3He_full;0.91;4461;10;2251;5996;400;54694;9;
18469;99-05-26;11:06;25;14112356;3He_full;0.91;4461;10;2251;5996;400;916292;172;
18470;99-05-26;14:01;24;13223629;3He_full;0.92;4461;10;2249;5996;400;859195;165;
18471;99-05-26;17:05;5;2870884;3He_full;0.91;4461;10;2251;5996;400;201668;36;
18472;99-05-26;17:59;23;12691632;3He_full;0.91;4461;10;2251;5996;400;826656;152;
18473;99-05-26;20:58;8;5657526;3He_full;0.94;4461;5.2;2251;5996;400;329602;112;5 nA
18474;99-05-26;23:26;2;1273374;3He_full;0.96;4461;5.2;2251;5996;400;61918;51;junk
18475;99-05-27;01:10;7;4981330;3He_full;0.94;4461;5.2;2249;5996;400;280158;122;He3 production run low luminosity
bad regi;on 2 secto;r3;;;;;;;;;;;;
18476;99-05-27;04:24;3;2029177;3He_full;0.95;4461;4.8;2251;5996;400;116920;42;He3 production run low luminosity
bad regi;on 2 secto;r3;;;;;;;;;;;;
18477;99-05-27;07:18;2;829507;3He_full;0.95;4461;4.8;2249;5996;400;47389;18;Continue with He-3 at 4.4 GeV.
18496;99-05-27;10:21;2;489835;other;0.87;4461;0;2251;5996;400;22527;4;DAQ_test
18506;99-05-27;11:18;4;3029471;other;0.66;4461;0;2249;5996;99;17;17;DAQ_test
18509;99-05-27;12:18;11;5792811;other;0.84;4461;0;2251;5996;38;40;42;DAQ_test
18511;99-05-27;13:22;2;1009376;other;0.66;4461;0;2249;5996;400;24780;7;DAQ_test
18518;99-05-27;14:33;1;535441;other;0.9;4461;5;2249;5996;248;20483;6;DAQ_test
18519;99-05-27;14:44;8;4609676;C12;0.92;4461;5;2249;5996;400;190931;59;production run  3He + 12C
18520;99-05-27;15:49;11;7302423;3He_full;0.94;4461;6;2251;5996;400;439696;132;
18521;99-05-27;18:09;23;12881184;3He_full;0.92;4461;10;2251;5996;400;859606;167;production run with 10 nA on 3He
18522;99-05-27;21:54;2;1527657;empty;0.97;4461;35;2249;5996;400;1284157;65;Empty target run - could be the last one of this run period.